Time,Latitude,Longitude,Altitude,Speed
2014/09/05 09:11:02 PM,-33.96328,18.85125,133,10
2014/09/05 09:11:04 PM,-33.96331,18.85119,134,9
2014/09/05 09:11:13 PM,-33.96333,18.85086,134,15
2014/09/05 09:11:44 PM,-33.96325,18.85058,135,19
2014/09/05 09:11:46 PM,-33.96328,18.85044,135,21
2014/09/05 09:12:17 PM,-33.96658,18.84561,113,87
2014/09/05 09:14:06 PM,-33.98478,18.83442,130,103
2014/09/05 09:14:31 PM,-33.9885,18.82819,117,98
2014/09/05 09:14:34 PM,-33.98917,18.82772,114,103
2014/09/05 09:14:41 PM,-33.99092,18.82703,104,107
2014/09/05 09:17:17 PM,-34.02736,18.82036,104,97
2014/09/05 09:19:36 PM,-34.05742,18.82975,125,95
2014/09/05 09:19:46 PM,-34.05981,18.8295,110,97
2014/09/05 09:21:54 PM,-34.07642,18.82153,31,20
2014/09/05 09:21:57 PM,-34.07658,18.82164,30,31
2014/09/05 09:22:55 PM,-34.08367,18.82908,18,69
2014/09/05 09:23:10 PM,-34.08467,18.83197,21,70
2014/09/05 09:23:24 PM,-34.08503,18.83486,24,69
2014/09/05 09:23:38 PM,-34.08692,18.83697,23,71
2014/09/05 09:24:36 PM,-34.09278,18.84314,23,62
2014/09/05 09:26:37 PM,-34.10319,18.85422,25,0
2014/09/05 09:26:40 PM,-34.10319,18.85422,25,2
2014/09/05 09:29:34 PM,-34.12233,18.88478,39,98
2014/09/05 09:29:38 PM,-34.12278,18.88583,40,99
2014/09/05 09:32:33 PM,-34.13472,18.92094,157,82
2014/09/05 09:32:42 PM,-34.135,18.92311,171,80
2014/09/05 09:33:11 PM,-34.13317,18.92967,207,82
2014/09/05 09:33:16 PM,-34.13253,18.93061,212,82
2014/09/05 09:33:20 PM,-34.13178,18.93108,217,82
2014/09/05 09:33:24 PM,-34.13094,18.93117,222,83
2014/09/05 09:33:30 PM,-34.12978,18.93069,231,80
2014/09/05 09:33:36 PM,-34.12869,18.93028,239,76
2014/09/05 09:33:40 PM,-34.12794,18.93042,245,75
2014/09/05 09:33:44 PM,-34.12736,18.93097,250,75
2014/09/05 09:33:48 PM,-34.12703,18.93178,255,75
2014/09/05 09:33:52 PM,-34.12706,18.93269,260,75
2014/09/05 09:33:56 PM,-34.12742,18.93347,266,75
2014/09/05 09:34:01 PM,-34.12817,18.93414,273,75
2014/09/05 09:34:30 PM,-34.13303,18.93742,310,75
2014/09/05 09:34:39 PM,-34.13478,18.93719,319,79
2014/09/05 09:34:44 PM,-34.13569,18.937,327,71
2014/09/05 09:34:47 PM,-34.13614,18.93667,331,70
2014/09/05 09:34:51 PM,-34.13653,18.93597,337,70
2014/09/05 09:35:17 PM,-34.13897,18.93158,373,67
2014/09/05 09:35:22 PM,-34.13967,18.93103,380,65
2014/09/05 09:35:47 PM,-34.14344,18.93,412,60
2014/09/05 09:36:00 PM,-34.14536,18.92967,428,60
2014/09/05 09:36:25 PM,-34.14936,18.92844,446,64
2014/09/05 09:36:33 PM,-34.15061,18.929,437,66
2014/09/05 09:36:36 PM,-34.15094,18.92944,432,68
2014/09/05 09:36:39 PM,-34.15111,18.93003,427,68
2014/09/05 09:36:42 PM,-34.15097,18.93067,423,75
2014/09/05 09:36:53 PM,-34.14997,18.93311,409,86
2014/09/05 09:36:57 PM,-34.15011,18.93414,403,89
2014/09/05 09:37:26 PM,-34.15303,18.94125,377,96
2014/09/05 09:38:57 PM,-34.15281,18.96569,440,87
2014/09/05 09:40:04 PM,-34.16122,18.98164,410,104
2014/09/05 09:41:13 PM,-34.16644,19.00139,334,98
2014/09/05 09:41:57 PM,-34.16236,19.01225,289,92
2014/09/05 09:42:17 PM,-34.16294,19.01767,272,92
2014/09/05 09:42:43 PM,-34.16494,19.02414,284,82
2014/09/05 09:42:51 PM,-34.16453,19.026,297,78
2014/09/05 09:43:15 PM,-34.16253,19.03089,322,69
2014/09/05 09:43:33 PM,-34.16283,19.03361,319,43
2014/09/05 09:43:47 PM,-34.16358,19.03514,311,43
2014/09/05 09:45:05 PM,-34.17058,19.04692,321,65
2014/09/05 09:46:40 PM,-34.17744,19.06144,337,55
2014/09/05 09:49:39 PM,-34.18703,19.09336,260,72
2014/09/05 09:49:53 PM,-34.18864,19.09581,243,76
2014/09/05 09:50:05 PM,-34.19083,19.09733,234,73
2014/09/05 09:50:27 PM,-34.19339,19.1,243,66
2014/09/05 09:50:36 PM,-34.19375,19.10161,243,60
2014/09/05 09:50:47 PM,-34.19353,19.10367,240,65
2014/09/05 09:52:33 PM,-34.19036,19.12131,288,45
2014/09/05 09:52:44 PM,-34.19078,19.12308,295,66
2014/09/05 09:53:00 PM,-34.19278,19.12572,308,81
2014/09/05 09:53:34 PM,-34.19839,19.13103,318,75
2014/09/05 09:53:52 PM,-34.19917,19.1355,306,88
2014/09/05 09:54:11 PM,-34.19983,19.14075,314,95
2014/09/05 09:54:34 PM,-34.20361,19.14564,303,98
2014/09/05 09:54:52 PM,-34.20667,19.14928,288,89
2014/09/05 09:55:02 PM,-34.20728,19.15186,295,84
2014/09/05 09:55:08 PM,-34.20733,19.15308,297,81
2014/09/05 09:55:15 PM,-34.20778,19.15503,295,89
2014/09/05 09:55:21 PM,-34.20867,19.15625,288,88
2014/09/05 09:55:30 PM,-34.21011,19.15797,278,94
2014/09/05 09:55:47 PM,-34.21208,19.16211,290,89
2014/09/05 09:55:55 PM,-34.21336,19.16358,299,87
2014/09/05 09:55:58 PM,-34.21356,19.16433,302,86
2014/09/05 09:56:14 PM,-34.21392,19.16844,320,87
2014/09/05 09:56:35 PM,-34.21661,19.17308,331,89
2014/09/05 09:56:41 PM,-34.21783,19.17378,329,90
2014/09/05 09:56:56 PM,-34.22086,19.1745,307,82
2014/09/05 09:57:00 PM,-34.22136,19.17531,301,85
2014/09/05 09:57:03 PM,-34.22147,19.17608,295,87
2014/09/05 09:57:16 PM,-34.22153,19.17958,272,94
2014/09/05 09:57:23 PM,-34.22192,19.18142,260,93
2014/09/05 09:57:27 PM,-34.22169,19.1825,254,90
2014/09/05 09:57:32 PM,-34.22097,19.18356,243,95
2014/09/05 09:57:52 PM,-34.21775,19.18742,208,80
2014/09/05 09:57:55 PM,-34.21764,19.18817,203,83
2014/09/05 09:57:58 PM,-34.21778,19.18889,198,85
2014/09/05 09:58:01 PM,-34.21819,19.1895,193,81
2014/09/05 09:58:04 PM,-34.21872,19.18983,188,81
2014/09/05 09:58:07 PM,-34.21933,19.18986,183,81
2014/09/05 09:58:10 PM,-34.21992,19.18964,179,84
2014/09/05 09:58:23 PM,-34.22264,19.188,159,100
2014/09/05 09:58:55 PM,-34.23114,19.18803,127,98
2014/09/05 09:59:03 PM,-34.23292,19.18919,122,103
2014/09/05 09:59:11 PM,-34.23428,19.19108,114,103
2014/09/05 09:59:21 PM,-34.235,19.19411,99,108
2014/09/05 10:00:09 PM,-34.23553,19.21,57,110
2014/09/05 10:01:24 PM,-34.23378,19.23431,74,99
2014/09/05 10:01:48 PM,-34.23186,19.24061,70,85
2014/09/05 10:02:51 PM,-34.23511,19.25644,118,97
2014/09/05 10:03:00 PM,-34.23422,19.25883,125,99
2014/09/05 10:03:33 PM,-34.22975,19.26642,172,81
2014/09/05 10:03:56 PM,-34.22869,19.27142,204,69
2014/09/05 10:04:03 PM,-34.22783,19.27233,213,64
2014/09/05 10:04:19 PM,-34.22567,19.27406,227,67
2014/09/05 10:04:54 PM,-34.2225,19.28139,239,95
2014/09/05 10:05:00 PM,-34.22236,19.28317,239,99
2014/09/05 10:05:09 PM,-34.22303,19.28572,246,101
2014/09/05 10:05:43 PM,-34.22489,19.29533,244,100
2014/09/05 10:07:06 PM,-34.21628,19.31861,231,96
2014/09/05 10:07:15 PM,-34.21458,19.32028,218,99
2014/09/05 10:07:28 PM,-34.21219,19.32228,196,85
2014/09/05 10:07:34 PM,-34.21158,19.32369,187,92
2014/09/05 10:07:39 PM,-34.21147,19.32511,179,95
2014/09/05 10:10:09 PM,-34.21128,19.36764,183,87
2014/09/05 10:10:38 PM,-34.21061,19.37575,197,90
2014/09/05 10:11:43 PM,-34.20886,19.39344,192,88
2014/09/05 10:12:02 PM,-34.21075,19.39778,177,88
2014/09/05 10:12:12 PM,-34.21236,19.39961,186,87
2014/09/05 10:12:59 PM,-34.22094,19.40642,233,91
2014/09/05 10:13:45 PM,-34.22619,19.41833,266,100
2014/09/05 10:14:16 PM,-34.22764,19.42669,274,71
2014/09/05 10:14:50 PM,-34.22658,19.43375,295,59
2014/09/05 10:14:57 PM,-34.22592,19.43472,303,60
2014/09/05 10:15:11 PM,-34.22389,19.43606,320,64
2014/09/05 10:15:19 PM,-34.22317,19.43714,327,67
2014/09/05 10:15:28 PM,-34.22272,19.43894,336,73
2014/09/05 10:16:00 PM,-34.22228,19.447,339,92
2014/09/05 10:18:32 PM,-34.22969,19.48908,351,95
2014/09/05 10:18:41 PM,-34.229,19.49161,347,100
2014/09/05 10:19:01 PM,-34.22653,19.49678,325,102
2014/09/05 10:19:08 PM,-34.22683,19.49894,327,106
2014/09/05 10:19:15 PM,-34.22778,19.50083,329,106
2014/09/05 10:19:31 PM,-34.23042,19.50442,327,97
2014/09/05 10:19:36 PM,-34.23047,19.50589,321,100
2014/09/05 10:19:55 PM,-34.22819,19.51128,288,105
2014/09/05 10:20:04 PM,-34.22661,19.51342,273,110
2014/09/05 10:20:12 PM,-34.22475,19.51467,263,100
2014/09/05 10:20:17 PM,-34.22383,19.51575,264,100
2014/09/05 10:20:21 PM,-34.2235,19.51692,264,102
2014/09/05 10:20:26 PM,-34.22353,19.51844,265,103
2014/09/05 10:20:30 PM,-34.224,19.51956,268,104
2014/09/05 10:20:47 PM,-34.22653,19.52356,289,98
2014/09/05 10:20:53 PM,-34.22661,19.52536,291,102
2014/09/05 10:21:28 PM,-34.22414,19.53608,301,107
2014/09/05 10:21:56 PM,-34.22528,19.54419,318,105
2014/09/05 10:22:09 PM,-34.22419,19.54814,316,107
2014/09/05 10:22:29 PM,-34.22133,19.55336,323,96
2014/09/05 10:22:34 PM,-34.22025,19.55403,328,96
2014/09/05 10:22:46 PM,-34.21758,19.55528,340,97
2014/09/05 10:23:02 PM,-34.21486,19.55872,356,98
2014/09/05 10:23:07 PM,-34.21461,19.56014,363,95
2014/09/05 10:23:22 PM,-34.21464,19.56419,381,91
2014/09/05 10:23:41 PM,-34.21186,19.56861,396,97
2014/09/05 10:24:09 PM,-34.20669,19.57444,405,107
2014/09/05 10:24:14 PM,-34.20644,19.57603,404,110
2014/09/05 10:24:45 PM,-34.20703,19.58633,401,113
2014/09/05 10:25:09 PM,-34.204,19.59381,366,113
2014/09/05 10:25:20 PM,-34.20464,19.59747,355,112
2014/09/05 10:25:31 PM,-34.20419,19.60117,332,115
2014/09/05 10:25:58 PM,-34.20039,19.60892,333,107
2014/09/05 10:26:05 PM,-34.20078,19.61114,337,110
2014/09/05 10:26:18 PM,-34.20169,19.61519,327,108
2014/09/05 10:26:27 PM,-34.20119,19.61817,313,114
2014/09/05 10:27:47 PM,-34.19619,19.64392,310,93
2014/09/05 10:29:19 PM,-34.18206,19.66819,268,105
2014/09/05 10:29:26 PM,-34.18181,19.67036,258,104
2014/09/05 10:30:09 PM,-34.18422,19.68408,220,104
2014/09/05 10:30:20 PM,-34.18286,19.68758,230,102
2014/09/05 10:30:30 PM,-34.18236,19.69028,237,103
2014/09/05 10:33:29 PM,-34.18103,19.74506,232,103
2014/09/05 10:33:37 PM,-34.18017,19.74728,239,103
2014/09/05 10:34:32 PM,-34.17178,19.76125,281,98
2014/09/05 10:34:39 PM,-34.17181,19.76331,275,99
2014/09/05 10:35:01 PM,-34.17331,19.76956,262,98
2014/09/05 10:35:19 PM,-34.17553,19.77444,235,105
2014/09/05 10:35:21 PM,-34.17561,19.77508,235,106
2014/09/05 10:35:29 PM,-34.17556,19.77758,244,102
2014/09/05 10:38:29 PM,-34.16375,19.83286,216,105
2014/09/05 10:40:22 PM,-34.15744,19.8705,182,103
2014/09/05 10:41:29 PM,-34.15383,19.89208,164,106
2014/09/05 10:42:13 PM,-34.15136,19.90489,163,67
2014/09/05 10:42:34 PM,-34.14969,19.90811,158,55
2014/09/05 10:43:46 PM,-34.15111,19.91975,146,52
2014/09/05 10:43:56 PM,-34.15167,19.92128,145,57
2014/09/05 10:44:20 PM,-34.15369,19.92503,148,76
2014/09/05 10:45:23 PM,-34.15628,19.94375,130,79
2014/09/05 10:46:55 PM,-34.15828,19.96189,186,72
2014/09/05 10:47:11 PM,-34.15717,19.9655,177,86
2014/09/05 10:48:41 PM,-34.14333,19.98625,146,110
2014/09/05 10:50:25 PM,-34.14039,20.0197,183,91
2014/09/05 10:50:36 PM,-34.13942,20.02267,180,100
2014/09/05 10:50:50 PM,-34.13714,20.02575,179,98
2014/09/05 10:52:22 PM,-34.11839,20.04292,140,107
2014/09/05 10:53:58 PM,-34.10731,20.07006,160,107
2014/09/05 10:55:21 PM,-34.09003,20.08342,137,92
2014/09/05 10:55:25 PM,-34.08961,20.08442,138,92
2014/09/05 10:56:13 PM,-34.08639,20.09778,120,88
2014/09/05 10:56:31 PM,-34.08647,20.10281,125,97
2014/09/05 10:59:30 PM,-34.09767,20.15675,140,98
2014/09/05 11:00:27 PM,-34.09878,20.17344,181,92
2014/09/05 11:02:30 PM,-34.09986,20.20953,180,99
2014/09/05 11:02:42 PM,-34.09994,20.21353,170,107
2014/09/05 11:05:28 PM,-34.10586,20.26547,156,112
2014/09/05 11:05:41 PM,-34.10583,20.26997,128,116
2014/09/05 11:08:41 PM,-34.10597,20.32311,117,92
2014/09/05 11:10:21 PM,-34.10725,20.35392,114,105
2014/09/05 11:11:03 PM,-34.10211,20.36622,93,113
2014/09/05 11:12:06 PM,-34.09411,20.38358,138,107
2014/09/05 11:15:05 PM,-34.06219,20.41883,75,77
2014/09/05 11:16:37 PM,-34.0477,20.42917,90,57
2014/09/05 11:18:05 PM,-34.03511,20.43575,121,77
2014/09/05 11:18:30 PM,-34.03133,20.43933,122,75
2014/09/05 11:19:50 PM,-34.02453,20.45475,148,74
2014/09/05 11:20:48 PM,-34.0235,20.46767,161,82
2014/09/05 11:21:38 PM,-34.02703,20.48056,157,104
2014/09/05 11:23:47 PM,-34.03786,20.52092,78,95
2014/09/05 11:24:47 PM,-34.03636,20.53669,71,96
2014/09/05 11:26:39 PM,-34.04289,20.56875,113,102
2014/09/05 11:26:43 PM,-34.04353,20.57011,116,104
2014/09/05 11:28:02 PM,-34.05608,20.5895,166,106
2014/09/05 11:28:29 PM,-34.05733,20.59747,195,94
2014/09/05 11:28:49 PM,-34.05675,20.60331,206,101
2014/09/05 11:28:58 PM,-34.05781,20.60581,208,105
2014/09/05 11:31:38 PM,-34.08947,20.64483,238,101
2014/09/05 11:31:40 PM,-34.08961,20.64539,239,101
2014/09/05 11:32:45 PM,-34.08836,20.66492,277,112
2014/09/05 11:35:45 PM,-34.09353,20.72531,270,116
2014/09/05 11:36:01 PM,-34.09483,20.73036,289,107
2014/09/05 11:36:40 PM,-34.10233,20.73978,277,100
2014/09/05 11:36:56 PM,-34.10411,20.74403,264,112
2014/09/05 11:37:07 PM,-34.10419,20.74783,249,118
2014/09/05 11:37:44 PM,-34.10297,20.76014,203,111
2014/09/05 11:39:05 PM,-34.106,20.78342,242,91
2014/09/05 11:39:56 PM,-34.1015,20.79825,252,109
2014/09/05 11:40:04 PM,-34.10253,20.80069,246,115
2014/09/05 11:41:07 PM,-34.1135,20.81842,230,122
2014/09/05 11:41:41 PM,-34.11467,20.8295,202,117
2014/09/05 11:43:51 PM,-34.11819,20.87517,162,115
2014/09/05 11:46:42 PM,-34.11211,20.93464,93,92
2014/09/05 11:46:50 PM,-34.11186,20.9365,91,89
2014/09/05 11:48:33 PM,-34.10464,20.95664,115,64
2014/09/05 11:48:53 PM,-34.10264,20.95933,110,41
2014/09/05 11:51:43 PM,-34.10028,20.96106,99,0
2014/09/05 11:51:53 PM,-34.10025,20.96111,99,0
2014/09/05 11:53:03 PM,-34.10025,20.96111,98,2
2014/09/05 11:53:07 PM,-34.10019,20.96117,98,7
2014/09/05 11:53:11 PM,-34.10017,20.96125,98,17
2014/09/05 11:53:44 PM,-34.09647,20.96461,80,67
2014/09/05 11:56:33 PM,-34.08611,20.98425,136,99
2014/09/05 11:56:45 PM,-34.08578,20.98781,138,99
2014/09/05 11:57:41 PM,-34.0835,21.0045,154,86
2014/09/05 11:57:52 PM,-34.08428,21.007,149,78
2014/09/05 11:58:04 PM,-34.08592,21.00903,140,77
2014/09/05 11:58:30 PM,-34.08933,21.013,151,75
2014/09/05 11:59:28 PM,-34.09233,21.02592,120,78
2014/09/06 12:01:45 AM,-34.09761,21.06028,149,103
2014/09/06 12:02:27 AM,-34.10106,21.07225,187,91
2014/09/06 12:05:07 AM,-34.12553,21.10911,163,112
2014/09/06 12:05:23 AM,-34.12503,21.11417,171,94
2014/09/06 12:06:47 AM,-34.11683,21.13583,208,110
2014/09/06 12:08:23 AM,-34.10817,21.16444,217,109
2014/09/06 12:10:13 AM,-34.10189,21.20033,241,107
2014/09/06 12:11:48 AM,-34.08983,21.22939,176,105
2014/09/06 12:12:17 AM,-34.08811,21.23786,152,85
2014/09/06 12:12:39 AM,-34.08811,21.24194,135,59
2014/09/06 12:13:01 AM,-34.08942,21.24586,133,57
2014/09/06 12:13:55 AM,-34.09472,21.2525,140,52
2014/09/06 12:14:02 AM,-34.09558,21.25294,146,54
2014/09/06 12:14:09 AM,-34.09656,21.25297,154,57
2014/09/06 12:14:44 AM,-34.10147,21.25203,188,59
2014/09/06 12:16:49 AM,-34.1255,21.26153,163,87
2014/09/06 12:16:58 AM,-34.12717,21.26289,159,90
2014/09/06 12:17:08 AM,-34.12861,21.26486,149,88
2014/09/06 12:17:19 AM,-34.12936,21.26772,128,96
2014/09/06 12:17:38 AM,-34.13036,21.27308,95,92
2014/09/06 12:17:43 AM,-34.13119,21.27417,86,99
2014/09/06 12:18:23 AM,-34.14047,21.27894,98,100
2014/09/06 12:18:47 AM,-34.14603,21.28003,84,91
2014/09/06 12:18:51 AM,-34.14661,21.28092,84,96
2014/09/06 12:18:55 AM,-34.14689,21.28203,88,96
2014/09/06 12:18:59 AM,-34.14678,21.28317,95,93
2014/09/06 12:19:13 AM,-34.14594,21.28669,117,85
2014/09/06 12:19:20 AM,-34.14644,21.28836,124,87
2014/09/06 12:20:17 AM,-34.15303,21.30183,155,79
2014/09/06 12:20:22 AM,-34.15394,21.30236,150,84
2014/09/06 12:20:27 AM,-34.155,21.30242,139,88
2014/09/06 12:20:41 AM,-34.15803,21.30164,113,95
2014/09/06 12:20:48 AM,-34.15969,21.30256,99,111
2014/09/06 12:21:00 AM,-34.16186,21.30561,91,108
2014/09/06 12:21:50 AM,-34.16847,21.31658,143,70
2014/09/06 12:22:09 AM,-34.17036,21.32033,144,83
2014/09/06 12:25:08 AM,-34.17522,21.38167,158,107
2014/09/06 12:26:51 AM,-34.18319,21.41728,161,120
2014/09/06 12:28:08 AM,-34.18806,21.44503,174,121
2014/09/06 12:31:08 AM,-34.20094,21.50886,166,123
2014/09/06 12:33:38 AM,-34.21297,21.559,213,117
2014/09/06 12:34:08 AM,-34.21311,21.56903,207,89
2014/09/06 12:37:08 AM,-34.21128,21.61944,201,122
2014/09/06 12:38:39 AM,-34.20536,21.64839,181,84
2014/09/06 12:40:08 AM,-34.20028,21.67492,182,114
2014/09/06 12:43:08 AM,-34.18747,21.73836,93,117
2014/09/06 12:43:40 AM,-34.18594,21.75008,77,118
2014/09/06 12:44:04 AM,-34.18625,21.75819,83,108
2014/09/06 12:44:13 AM,-34.18694,21.76092,96,103
2014/09/06 12:44:39 AM,-34.19042,21.76711,124,95
2014/09/06 12:45:20 AM,-34.19208,21.77886,170,94
2014/09/06 12:46:19 AM,-34.19536,21.79711,200,100
2014/09/06 12:47:45 AM,-34.19683,21.81925,179,82
2014/09/06 12:48:42 AM,-34.19192,21.83658,165,121
2014/09/06 12:50:45 AM,-34.18036,21.87661,184,86
2014/09/06 12:52:05 AM,-34.17733,21.90139,196,111
2014/09/06 12:53:42 AM,-34.17833,21.93594,179,115
2014/09/06 12:55:05 AM,-34.17911,21.96411,168,112
2014/09/06 12:58:05 AM,-34.18078,22.02311,155,109
2014/09/06 12:58:44 AM,-34.18119,22.03631,144,109
2014/09/06 01:00:02 AM,-34.18044,22.05894,139,108
2014/09/06 01:00:18 AM,-34.17806,22.0635,142,115
2014/09/06 01:02:27 AM,-34.15867,22.09914,60,97
2014/09/06 01:02:33 AM,-34.15722,22.09944,52,95
2014/09/06 01:03:45 AM,-34.13914,22.10053,22,88
2014/09/06 01:05:27 AM,-34.11375,22.10694,3,94
2014/09/06 01:06:53 AM,-34.09592,22.12128,59,92
2014/09/06 01:08:46 AM,-34.07753,22.14705,2,108
2014/09/06 01:09:52 AM,-34.06844,22.16639,7,117
2014/09/06 01:12:14 AM,-34.05811,22.20925,49,107
2014/09/06 01:12:43 AM,-34.05694,22.21833,26,110
2014/09/06 01:13:47 AM,-34.04872,22.236,37,94
2014/09/06 01:14:08 AM,-34.04581,22.24089,50,97
2014/09/06 01:14:14 AM,-34.04594,22.24261,55,95
2014/09/06 01:14:54 AM,-34.05003,22.2545,57,116
2014/09/06 01:15:16 AM,-34.04867,22.26225,46,121
2014/09/06 01:15:45 AM,-34.04408,22.27042,68,106
2014/09/06 01:16:01 AM,-34.04403,22.27525,91,97
2014/09/06 01:16:16 AM,-34.04267,22.27906,111,89
2014/09/06 01:16:22 AM,-34.04286,22.28061,117,88
2014/09/06 01:16:39 AM,-34.04408,22.28483,139,87
2014/09/06 01:16:47 AM,-34.04364,22.28681,147,85
2014/09/06 01:16:55 AM,-34.04256,22.28839,157,87
2014/09/06 01:17:02 AM,-34.04117,22.28919,165,89
2014/09/06 01:17:27 AM,-34.03583,22.29128,193,94
2014/09/06 01:17:38 AM,-34.03403,22.29369,201,101
2014/09/06 01:18:48 AM,-34.02739,22.31603,183,121
2014/09/06 01:19:32 AM,-34.02314,22.33097,172,110
2014/09/06 01:21:24 AM,-34.01925,22.36686,181,102
2014/09/06 01:22:51 AM,-34.00858,22.39331,167,111
2014/09/06 01:23:49 AM,-34.00919,22.41256,190,114
2014/09/06 01:24:25 AM,-34.00653,22.42492,194,118
2014/09/06 01:25:51 AM,-33.99878,22.44169,196,9
2014/09/06 01:25:53 AM,-33.99878,22.44175,196,8
2014/09/06 01:26:02 AM,-33.99892,22.44208,196,17
2014/09/06 01:28:50 AM,-33.99525,22.48644,194,122
2014/09/06 01:29:02 AM,-33.99481,22.49044,185,121
2014/09/06 01:29:56 AM,-33.98725,22.50622,205,97
2014/09/06 01:30:09 AM,-33.98536,22.50936,203,106
2014/09/06 01:30:14 AM,-33.98533,22.51097,203,109
2014/09/06 01:30:18 AM,-33.98575,22.51219,202,110
2014/09/06 01:30:57 AM,-33.99122,22.51886,196,48
2014/09/06 01:31:03 AM,-33.99161,22.51928,195,25
2014/09/06 01:31:09 AM,-33.99178,22.51961,194,23
2014/09/06 01:31:29 AM,-33.99378,22.52183,187,71
2014/09/06 01:31:41 AM,-33.99469,22.52403,182,66
2014/09/06 01:31:53 AM,-33.99486,22.52669,178,78
2014/09/06 01:32:23 AM,-33.99294,22.53319,155,77
2014/09/06 01:32:53 AM,-33.98928,22.53917,129,88
2014/09/06 01:33:06 AM,-33.98717,22.54153,105,91
2014/09/06 01:33:12 AM,-33.98672,22.54306,94,92
2014/09/06 01:33:16 AM,-33.98692,22.54417,86,95
2014/09/06 01:33:20 AM,-33.9875,22.54503,81,88
2014/09/06 01:33:40 AM,-33.99042,22.54783,57,52
2014/09/06 01:33:43 AM,-33.9905,22.54828,53,53
2014/09/06 01:33:45 AM,-33.99044,22.54858,52,50
2014/09/06 01:33:48 AM,-33.99017,22.54894,47,56
2014/09/06 01:33:51 AM,-33.98975,22.54917,45,64
2014/09/06 01:34:02 AM,-33.98797,22.55025,28,71
2014/09/06 01:34:05 AM,-33.98764,22.55075,26,73
2014/09/06 01:34:08 AM,-33.98753,22.55142,20,76
2014/09/06 01:34:11 AM,-33.98772,22.55208,15,78
2014/09/06 01:34:13 AM,-33.988,22.55242,14,78
2014/09/06 01:34:16 AM,-33.98853,22.55267,11,77
2014/09/06 01:34:19 AM,-33.98908,22.55253,8,75
2014/09/06 01:34:28 AM,-33.99064,22.55194,1,74
2014/09/06 01:34:43 AM,-33.99333,22.55258,4,67
2014/09/06 01:34:50 AM,-33.99425,22.55342,15,63
2014/09/06 01:35:30 AM,-33.99758,22.55986,61,58
2014/09/06 01:35:33 AM,-33.99761,22.56039,61,57
2014/09/06 01:35:35 AM,-33.9975,22.56069,61,58
2014/09/06 01:35:43 AM,-33.9965,22.56172,55,69
2014/09/06 01:35:53 AM,-33.99514,22.56308,44,69
2014/09/06 01:35:57 AM,-33.99494,22.56386,40,65
2014/09/06 01:36:51 AM,-33.99442,22.57433,11,55
2014/09/06 01:38:52 AM,-33.99647,22.59694,12,79
2014/09/06 01:39:07 AM,-33.99733,22.60058,14,86
2014/09/06 01:40:12 AM,-33.99764,22.61428,39,48
2014/09/06 01:40:17 AM,-33.99767,22.61478,40,31
2014/09/06 01:40:20 AM,-33.99769,22.61508,40,32
2014/09/06 01:42:32 AM,-34.00144,22.644,34,90
2014/09/06 01:43:52 AM,-34.00028,22.66264,36,72
2014/09/06 01:44:07 AM,-33.99969,22.66558,50,72
2014/09/06 01:44:34 AM,-33.99728,22.67214,41,102
2014/09/06 01:44:41 AM,-33.99758,22.67425,44,101
2014/09/06 01:46:48 AM,-34.00344,22.70964,106,102
2014/09/06 01:47:47 AM,-34.00353,22.72844,64,110
2014/09/06 01:48:53 AM,-34.00908,22.75039,22,113
2014/09/06 01:50:46 AM,-34.00972,22.7875,7,72
2014/09/06 01:53:46 AM,-34.01928,22.81789,13,61
2014/09/06 01:53:55 AM,-34.01975,22.81953,13,71
2014/09/06 01:56:46 AM,-34.02578,22.87436,18,117
2014/09/06 01:58:55 AM,-34.03883,22.91542,61,86
2014/09/06 01:59:31 AM,-34.03942,22.92336,53,67
2014/09/06 01:59:38 AM,-34.03886,22.92472,43,76
2014/09/06 01:59:58 AM,-34.03631,22.92936,12,106
2014/09/06 02:00:27 AM,-34.03364,22.93681,7,87
2014/09/06 02:01:13 AM,-34.02883,22.94628,48,73
2014/09/06 02:01:22 AM,-34.02881,22.94822,59,72
2014/09/06 02:02:51 AM,-34.03217,22.96928,149,82
2014/09/06 02:02:56 AM,-34.03286,22.97017,149,80
2014/09/06 02:03:27 AM,-34.038,22.97442,116,80
2014/09/06 02:03:33 AM,-34.03836,22.97583,108,85
2014/09/06 02:03:38 AM,-34.03825,22.97714,101,91
2014/09/06 02:03:57 AM,-34.03686,22.98225,72,90
2014/09/06 02:04:29 AM,-34.03544,22.98942,36,73
2014/09/06 02:04:33 AM,-34.03483,22.98994,28,78
2014/09/06 02:05:16 AM,-34.02728,22.99464,1,77
2014/09/06 02:05:21 AM,-34.02681,22.99564,1,75
2014/09/06 02:05:26 AM,-34.02669,22.99669,1,67
2014/09/06 02:05:38 AM,-34.02733,22.99908,1,68
2014/09/06 02:05:56 AM,-34.02886,23.00192,3,63
2014/09/06 02:06:10 AM,-34.02892,23.00469,4,65
2014/09/06 02:06:14 AM,-34.02928,23.00531,4,63
2014/09/06 02:07:19 AM,-34.03861,23.01389,5,58
2014/09/06 02:07:26 AM,-34.03886,23.01511,4,62
2014/09/06 02:08:51 AM,-34.03686,23.03036,3,57
2014/09/06 02:08:57 AM,-34.03656,23.03147,3,57
2014/09/06 02:09:07 AM,-34.03639,23.03303,4,57
2014/09/06 02:09:56 AM,-34.03631,23.04033,5,13
2014/09/06 02:09:58 AM,-34.03625,23.04039,4,10
2014/09/06 02:10:06 AM,-34.03614,23.04053,4,7
2014/09/06 02:10:10 AM,-34.03611,23.04058,4,3
2014/09/06 02:10:12 AM,-34.03611,23.04061,2,2
2014/09/06 02:13:11 AM,-34.03603,23.04078,-6,0
2014/09/06 02:24:13 AM,-34.03611,23.04094,0,4
2014/09/06 02:24:22 AM,-34.03628,23.04103,3,11
2014/09/06 02:24:23 AM,-34.03628,23.04103,4,11
2014/09/06 02:24:30 AM,-34.03619,23.04122,6,12
2014/09/06 02:25:26 AM,-34.03469,23.04411,10,39
2014/09/06 02:25:58 AM,-34.03503,23.04639,13,9
2014/09/06 02:27:57 AM,-34.03814,23.06275,24,54
2014/09/06 02:28:10 AM,-34.03792,23.06492,24,55
2014/09/06 02:28:15 AM,-34.03828,23.06558,21,53
2014/09/06 02:28:35 AM,-34.04003,23.06842,10,55
2014/09/06 02:29:02 AM,-34.04072,23.07289,19,62
2014/09/06 02:30:56 AM,-34.04494,23.09286,103,66
2014/09/06 02:31:03 AM,-34.04456,23.09419,111,67
2014/09/06 02:31:39 AM,-34.04183,23.10067,159,67
2014/09/06 02:32:03 AM,-34.04172,23.105,183,60
2014/09/06 02:32:26 AM,-34.04292,23.10911,188,77
2014/09/06 02:32:33 AM,-34.0425,23.11069,193,81
2014/09/06 02:32:48 AM,-34.04142,23.11408,214,79
2014/09/06 02:33:06 AM,-34.041,23.11839,231,84
2014/09/06 02:33:13 AM,-34.04,23.11972,238,86
2014/09/06 02:33:43 AM,-34.03517,23.12481,264,92
2014/09/06 02:33:49 AM,-34.03483,23.1265,261,97
2014/09/06 02:33:54 AM,-34.03506,23.12794,257,100
2014/09/06 02:34:03 AM,-34.03592,23.13056,248,106
2014/09/06 02:34:29 AM,-34.03792,23.13875,220,109
2014/09/06 02:35:25 AM,-34.03581,23.15644,230,102
2014/09/06 02:35:30 AM,-34.03503,23.15767,234,101
2014/09/06 02:35:35 AM,-34.03392,23.15839,236,102
2014/09/06 02:36:07 AM,-34.02567,23.16022,251,98
2014/09/06 02:36:12 AM,-34.02489,23.16142,253,101
2014/09/06 02:36:17 AM,-34.02467,23.16292,253,101
2014/09/06 02:36:22 AM,-34.02497,23.16436,251,102
2014/09/06 02:36:46 AM,-34.02736,23.17142,264,106
2014/09/06 02:37:07 AM,-34.02733,23.17783,278,107
2014/09/06 02:39:04 AM,-34.03686,23.20497,246,79
2014/09/06 02:39:07 AM,-34.03689,23.20575,244,81
2014/09/06 02:42:06 AM,-34.03897,23.24236,248,74
2014/09/06 02:44:05 AM,-34.04428,23.27775,216,110
2014/09/06 02:45:06 AM,-34.04425,23.29731,210,113
2014/09/06 02:47:09 AM,-34.04667,23.32781,182,78
2014/09/06 02:48:32 AM,-34.05453,23.34358,140,65
2014/09/06 02:48:43 AM,-34.05411,23.34594,134,81
2014/09/06 02:49:05 AM,-34.05253,23.35008,140,58
2014/09/06 02:49:53 AM,-34.05011,23.3565,121,29
2014/09/06 02:49:58 AM,-34.04986,23.35678,118,27
2014/09/06 02:50:22 AM,-34.04856,23.35978,102,59
2014/09/06 02:50:56 AM,-34.04444,23.36364,68,67
2014/09/06 02:51:16 AM,-34.04314,23.36775,41,76
2014/09/06 02:54:06 AM,-34.01103,23.39017,2,90
2014/09/06 02:54:16 AM,-34.00967,23.39147,2,72
2014/09/06 02:55:00 AM,-34.00278,23.39761,8,77
2014/09/06 02:55:06 AM,-34.0025,23.399,6,84
2014/09/06 02:55:21 AM,-34.0025,23.40275,6,83
2014/09/06 02:55:27 AM,-34.00317,23.40408,7,91
2014/09/06 02:55:45 AM,-34.00606,23.40803,8,99
2014/09/06 02:56:05 AM,-34.00744,23.41378,23,92
2014/09/06 02:56:11 AM,-34.00703,23.41533,32,89
2014/09/06 02:57:37 AM,-33.99892,23.43381,133,79
2014/09/06 02:57:45 AM,-33.99753,23.43469,142,78
2014/09/06 02:57:54 AM,-33.99583,23.43486,152,73
2014/09/06 02:58:07 AM,-33.99358,23.43486,171,66
2014/09/06 02:58:14 AM,-33.99258,23.4355,178,63
2014/09/06 02:58:34 AM,-33.99017,23.43786,198,66
2014/09/06 02:59:06 AM,-33.98428,23.43853,213,83
2014/09/06 02:59:07 AM,-33.98386,23.43842,212,85
2014/09/06 02:59:12 AM,-33.98303,23.43806,211,92
2014/09/06 02:59:59 AM,-33.97342,23.43103,221,95
2014/09/06 03:00:04 AM,-33.97222,23.43119,221,96
2014/09/06 03:00:09 AM,-33.97117,23.43189,223,95
2014/09/06 03:00:14 AM,-33.97042,23.433,223,95
2014/09/06 03:00:20 AM,-33.97003,23.43467,220,98
2014/09/06 03:00:34 AM,-33.96933,23.43861,217,98
2014/09/06 03:00:42 AM,-33.96867,23.44083,219,100
2014/09/06 03:00:47 AM,-33.96881,23.44233,219,100
2014/09/06 03:00:57 AM,-33.96922,23.44519,214,99
2014/09/06 03:01:02 AM,-33.96878,23.44661,211,100
2014/09/06 03:01:07 AM,-33.96797,23.44769,213,96
2014/09/06 03:01:19 AM,-33.96575,23.45,209,101
2014/09/06 03:01:24 AM,-33.96539,23.45144,213,102
2014/09/06 03:01:52 AM,-33.96536,23.45956,221,99
2014/09/06 03:02:00 AM,-33.96572,23.46192,223,102
2014/09/06 03:02:05 AM,-33.96533,23.46342,223,106
2014/09/06 03:02:29 AM,-33.96175,23.47019,224,109
2014/09/06 03:04:08 AM,-33.94225,23.48819,255,80
2014/09/06 03:04:10 AM,-33.94206,23.48831,255,80
2014/09/06 03:04:41 AM,-33.93625,23.49119,262,81
2014/09/06 03:04:52 AM,-33.93494,23.49328,260,83
2014/09/06 03:05:02 AM,-33.93444,23.49575,257,89
2014/09/06 03:07:13 AM,-33.93328,23.54022,266,119
2014/09/06 03:08:03 AM,-33.93894,23.55639,251,118
2014/09/06 03:09:10 AM,-33.9383,23.58028,279,121
2014/09/06 03:10:37 AM,-33.93808,23.61086,268,101
2014/09/06 03:10:51 AM,-33.93981,23.61444,266,102
2014/09/06 03:13:51 AM,-33.96625,23.63789,231,115
2014/09/06 03:14:10 AM,-33.96686,23.64461,215,112
2014/09/06 03:16:51 AM,-33.97122,23.69778,234,112
2014/09/06 03:19:12 AM,-33.97428,23.74747,231,116
2014/09/06 03:19:51 AM,-33.97461,23.75933,235,86
2014/09/06 03:22:51 AM,-33.97378,23.81439,243,103
2014/09/06 03:24:13 AM,-33.97131,23.83797,240,91
2014/09/06 03:25:33 AM,-33.96842,23.85994,249,92
2014/09/06 03:26:06 AM,-33.96494,23.86808,248,95
2014/09/06 03:29:06 AM,-33.96761,23.91775,246,94
2014/09/06 03:29:14 AM,-33.96775,23.91994,247,90
2014/09/06 03:31:06 AM,-33.97125,23.95075,252,91
2014/09/06 03:34:05 AM,-33.98217,24.01153,240,117
2014/09/06 03:34:15 AM,-33.98239,24.01517,239,121
2014/09/06 03:35:21 AM,-33.98186,24.03828,243,119
2014/09/06 03:35:52 AM,-33.98036,24.04908,240,120
2014/09/06 03:38:51 AM,-33.99106,24.10983,244,121
2014/09/06 03:39:16 AM,-33.99122,24.11942,242,122
2014/09/06 03:41:51 AM,-33.99311,24.17544,255,127
2014/09/06 03:44:17 AM,-33.99814,24.22989,259,121
2014/09/06 03:44:51 AM,-33.99983,24.24261,247,121
2014/09/06 03:47:51 AM,-34.01311,24.30667,248,126
2014/09/06 03:49:18 AM,-34.02317,24.33856,226,130
2014/09/06 03:50:51 AM,-34.0335,24.3715,224,118
2014/09/06 03:53:51 AM,-34.04867,24.43553,212,127
2014/09/06 03:54:19 AM,-34.04961,24.446,212,118
2014/09/06 03:56:51 AM,-34.05442,24.49936,226,131
2014/09/06 03:57:25 AM,-34.05461,24.51217,228,117
2014/09/06 03:59:10 AM,-34.04117,24.54633,157,112
2014/09/06 03:59:19 AM,-34.03925,24.54858,161,108
2014/09/06 03:59:22 AM,-34.03875,24.54897,162,107
2014/09/06 03:59:49 AM,-34.03286,24.55369,153,106
2014/09/06 03:59:57 AM,-34.03194,24.55603,151,108
2014/09/06 04:00:05 AM,-34.03186,24.55867,143,114
2014/09/06 04:00:45 AM,-34.03664,24.57219,100,122
2014/09/06 04:01:20 AM,-34.04147,24.58211,116,100
2014/09/06 04:01:31 AM,-34.04133,24.58533,129,96
2014/09/06 04:01:42 AM,-34.04019,24.58814,142,93
2014/09/06 04:04:22 AM,-34.01539,24.62972,144,124
2014/09/06 04:04:30 AM,-34.01456,24.63289,136,119
2014/09/06 04:06:55 AM,-34.00383,24.67819,192,99
2014/09/06 04:08:03 AM,-33.99406,24.69519,248,110
2014/09/06 04:08:17 AM,-33.99378,24.70003,244,120
2014/09/06 04:09:21 AM,-33.99472,24.72244,254,110
2014/09/06 04:11:17 AM,-34.00058,24.758,229,113
2014/09/06 04:14:17 AM,-34.01694,24.81544,194,115
2014/09/06 04:14:24 AM,-34.01753,24.81742,192,113
2014/09/06 04:16:21 AM,-34.02803,24.85728,88,121
2014/09/06 04:16:33 AM,-34.02711,24.8615,87,116
2014/09/06 04:19:23 AM,-34.00525,24.90042,87,104
2014/09/06 04:19:33 AM,-34.00403,24.90289,78,107
2014/09/06 04:22:33 AM,-33.97414,24.94094,51,109
2014/09/06 04:23:42 AM,-33.95939,24.95522,59,110
2014/09/06 04:24:25 AM,-33.95361,24.96667,61,91
2014/09/06 04:26:41 AM,-33.93858,24.99644,20,96
2014/09/06 04:27:18 AM,-33.93442,25.00619,5,91
2014/09/06 04:29:26 AM,-33.93039,25.03897,57,50
2014/09/06 04:29:33 AM,-33.93019,25.03958,59,13
2014/09/06 04:32:32 AM,-33.93014,25.03969,58,0
2014/09/06 04:34:10 AM,-33.93011,25.03972,59,3
2014/09/06 04:34:27 AM,-33.92992,25.04089,65,39
2014/09/06 04:36:17 AM,-33.92117,25.06294,174,81
2014/09/06 04:36:41 AM,-33.91739,25.067,189,94
2014/09/06 04:36:50 AM,-33.91528,25.06767,183,96
2014/09/06 04:37:07 AM,-33.91136,25.06853,167,89
2014/09/06 04:37:17 AM,-33.90972,25.07019,171,85
2014/09/06 04:38:18 AM,-33.90197,25.08528,142,97
2014/09/06 04:38:56 AM,-33.90142,25.09608,165,95
2014/09/06 04:39:06 AM,-33.902,25.09842,173,71
2014/09/06 04:39:25 AM,-33.90325,25.10244,184,85
2014/09/06 04:39:29 AM,-33.90331,25.10325,185,88
2014/09/06 04:39:52 AM,-33.90292,25.10994,207,94
2014/09/06 04:41:44 AM,-33.89186,25.13903,219,94
2014/09/06 04:44:25 AM,-33.90358,25.18344,218,102
2014/09/06 04:44:29 AM,-33.90403,25.18453,217,100
2014/09/06 04:45:37 AM,-33.91053,25.20181,208,88
2014/09/06 04:48:37 AM,-33.90944,25.25211,230,94
2014/09/06 04:49:30 AM,-33.91278,25.2665,225,94
2014/09/06 04:51:37 AM,-33.92078,25.30117,217,93
2014/09/06 04:54:32 AM,-33.93169,25.34836,216,94
2014/09/06 04:54:37 AM,-33.93192,25.3495,215,93
2014/09/06 04:57:37 AM,-33.945,25.39739,204,93
2014/09/06 04:59:10 AM,-33.95083,25.422,204,89
2014/09/06 04:59:32 AM,-33.95036,25.42767,203,84
2014/09/06 05:02:09 AM,-33.94689,25.46531,173,65
2014/09/06 05:04:34 AM,-33.94628,25.4995,161,77
2014/09/06 05:05:09 AM,-33.94803,25.508,153,80
2014/09/06 05:06:57 AM,-33.94586,25.53361,118,67
2014/09/06 05:08:35 AM,-33.94108,25.54828,117,28
2014/09/06 05:08:47 AM,-33.94053,25.54903,116,26
2014/09/06 05:09:35 AM,-33.93967,25.54967,112,0
2014/09/06 05:10:53 AM,-33.9395,25.54986,114,4
2014/09/06 05:10:56 AM,-33.93947,25.54997,113,15
2014/09/06 05:10:58 AM,-33.9395,25.55008,113,21
2014/09/06 05:11:02 AM,-33.93969,25.55033,113,31
2014/09/06 05:11:17 AM,-33.94067,25.55144,112,30
2014/09/06 05:11:19 AM,-33.94069,25.55161,112,34
2014/09/06 05:11:31 AM,-33.94019,25.55336,109,57
2014/09/06 05:12:01 AM,-33.93828,25.55839,103,51
2014/09/06 05:13:04 AM,-33.94044,25.56794,100,25
2014/09/06 05:13:20 AM,-33.94086,25.56983,95,51
2014/09/06 05:13:24 AM,-33.94083,25.57047,94,53
2014/09/06 05:14:36 AM,-33.93672,25.57983,54,0
2014/09/06 05:15:52 AM,-33.93658,25.58111,47,5
2014/09/06 05:15:54 AM,-33.93658,25.58114,47,4
2014/09/06 05:16:01 AM,-33.9365,25.58117,46,5
2014/09/06 05:16:04 AM,-33.9365,25.58119,45,3
2014/09/06 05:19:04 AM,-33.9365,25.58125,48,0
2014/09/06 05:19:37 AM,-33.93653,25.58122,49,0
2014/09/06 05:19:41 AM,-33.9365,25.58128,48,3
2014/09/06 05:19:45 AM,-33.93647,25.58133,47,8
2014/09/06 05:19:50 AM,-33.93633,25.58156,47,25
2014/09/06 05:20:52 AM,-33.93411,25.58347,39,5
2014/09/06 05:20:54 AM,-33.93408,25.58344,38,11
2014/09/06 05:23:48 AM,-33.92658,25.57122,39,27
2014/09/06 05:24:38 AM,-33.92645,25.57092,38,0
2014/09/06 05:26:47 AM,-33.92644,25.57089,37,0
2014/09/06 05:29:38 AM,-33.92645,25.57086,37,0
2014/09/06 05:34:39 AM,-33.92647,25.57086,35,0
2014/09/06 05:39:40 AM,-33.92647,25.57086,39,0
2014/09/06 05:44:41 AM,-33.92647,25.57086,37,0
2014/09/06 05:49:42 AM,-33.92645,25.57086,38,0
2014/09/06 05:54:44 AM,-33.92645,25.57086,38,0
2014/09/06 05:55:38 AM,-33.92642,25.57086,38,2
2014/09/06 05:56:26 AM,-33.92361,25.56706,37,48
2014/09/06 05:56:40 AM,-33.92258,25.56644,36,20
2014/09/06 05:56:42 AM,-33.9225,25.56647,36,20
2014/09/06 05:56:44 AM,-33.92242,25.56658,35,28
2014/09/06 05:57:05 AM,-33.92061,25.56867,26,52
2014/09/06 05:57:49 AM,-33.91442,25.57025,22,48
2014/09/06 05:58:04 AM,-33.91308,25.57242,19,62
2014/09/06 05:59:18 AM,-33.91031,25.58278,20,54
2014/09/06 05:59:32 AM,-33.90917,25.58397,26,24
2014/09/06 05:59:34 AM,-33.90906,25.58397,26,23
2014/09/06 05:59:36 AM,-33.90897,25.58389,26,22
2014/09/06 05:59:41 AM,-33.90869,25.58361,27,28
2014/09/06 05:59:44 AM,-33.9085,25.58347,28,38
2014/09/06 06:01:45 AM,-33.89189,25.57617,22,69
2014/09/06 06:02:14 AM,-33.88908,25.57203,28,68
2014/09/06 06:03:02 AM,-33.88378,25.56947,36,12
2014/09/06 06:03:12 AM,-33.88361,25.56928,36,15
2014/09/06 06:03:13 AM,-33.88358,25.56931,36,16
2014/09/06 06:03:14 AM,-33.88356,25.56933,36,17
2014/09/06 06:04:39 AM,-33.8765,25.57589,13,20
2014/09/06 06:04:41 AM,-33.87642,25.57592,13,22
2014/09/06 06:04:45 AM,-33.87619,25.576,13,22
2014/09/06 06:04:46 AM,-33.87617,25.57603,13,21
2014/09/06 06:04:48 AM,-33.87611,25.57617,13,23
2014/09/06 06:06:33 AM,-33.87378,25.58444,6,15
2014/09/06 06:06:35 AM,-33.87375,25.5845,5,14
2014/09/06 06:06:37 AM,-33.87367,25.58453,5,15
2014/09/06 06:06:39 AM,-33.87358,25.58447,5,19
2014/09/06 06:08:52 AM,-33.86392,25.57694,3,12
2014/09/06 06:08:53 AM,-33.86386,25.57694,3,13
2014/09/06 06:08:55 AM,-33.86383,25.57703,3,16
2014/09/06 06:09:33 AM,-33.86258,25.57967,2,14
2014/09/06 06:09:34 AM,-33.86256,25.57967,2,16
2014/09/06 06:09:47 AM,-33.86211,25.57925,2,20
2014/09/06 06:10:04 AM,-33.86139,25.57886,0,17
2014/09/06 06:10:23 AM,-33.86086,25.57833,0,7
2014/09/06 06:10:27 AM,-33.86078,25.57825,0,11
2014/09/06 06:10:35 AM,-33.86064,25.57808,0,9
2014/09/06 06:10:43 AM,-33.86056,25.57792,0,7
2014/09/06 06:10:45 AM,-33.86053,25.57792,0,5
2014/09/06 06:10:47 AM,-33.8605,25.57792,0,5
2014/09/06 06:10:51 AM,-33.86044,25.57797,-1,6
2014/09/06 06:11:04 AM,-33.86028,25.57819,-2,7
2014/09/06 06:11:06 AM,-33.86022,25.57819,-2,7
2014/09/06 06:11:08 AM,-33.86019,25.57817,-2,6
2014/09/06 06:11:25 AM,-33.86006,25.57803,0,2
2014/09/06 06:11:27 AM,-33.86006,25.57803,-1,2
2014/09/06 06:11:30 AM,-33.86008,25.578,-1,2
2014/09/06 06:11:35 AM,-33.86008,25.578,-1,2
2014/09/06 06:11:38 AM,-33.86006,25.578,-1,2
2014/09/06 06:11:47 AM,-33.86006,25.57806,0,2
2014/09/06 06:11:58 AM,-33.86008,25.57808,0,2
2014/09/06 06:12:15 AM,-33.86008,25.57808,0,2
2014/09/06 06:12:18 AM,-33.86006,25.57808,-1,3
2014/09/06 06:12:21 AM,-33.86003,25.57806,-1,3
2014/09/06 06:12:23 AM,-33.86003,25.57803,-1,5
2014/09/06 06:12:26 AM,-33.86008,25.578,-1,3
2014/09/06 06:12:29 AM,-33.86008,25.57797,-1,2
2014/09/06 06:12:43 AM,-33.86019,25.57786,0,4
2014/09/06 06:12:46 AM,-33.86019,25.57783,0,2
2014/09/06 06:12:49 AM,-33.86019,25.57781,0,2
2014/09/06 06:12:56 AM,-33.86019,25.57778,0,2
2014/09/06 06:15:55 AM,-33.86014,25.57775,0,0
2014/09/06 06:19:49 AM,-33.86014,25.57772,6,0
2014/09/06 06:23:38 AM,-33.86014,25.57772,3,0
2014/09/06 06:23:45 AM,-33.86014,25.57767,2,0
2014/09/06 06:54:58 AM,-33.8602,25.57772,4,0
